Designator,Mid X,Mid Y,Layer,Rotation
BT1,22.4250mm,16.9250mm,Top,180.00
C3,2.8400mm,25.8400mm,Top,180.00
C4,41.0000mm,17.3000mm,Top,0.00
C7,97.0000mm,29.2375mm,Top,90.00
C5,98.5500mm,29.2375mm,Top,90.00
C9,63.1000mm,12.5000mm,Top,0.00
C6,100.1500mm,29.2375mm,Top,90.00
C10,63.1000mm,14.0250mm,Top,0.00
C8,74.6000mm,11.5000mm,Top,270.00
C11,58.3000mm,19.2000mm,Top,270.00
C12,56.5000mm,19.2000mm,Top,270.00
C13,54.5000mm,19.2000mm,Top,270.00
D1,63.1000mm,9.5500mm,Top,90.00
J1,54.2000mm,11.6700mm,Top,0.00
J2,72.1100mm,3.7950mm,Top,0.00
J3,74.6000mm,19.2000mm,Top,180.00
J4,43.0000mm,8.0000mm,Top,0.00
L1,63.0000mm,22.2000mm,Top,180.00
R1,78.5000mm,4.7125mm,Top,90.00
R2,80.4500mm,4.7125mm,Top,270.00
R3,87.4125mm,30.7500mm,Top,180.00
R4,87.4125mm,28.8000mm,Top,180.00
R5,95.2500mm,29.2000mm,Top,270.00
R6,42.9750mm,12.5000mm,Top,180.00
S1,84.8000mm,3.7250mm,Top,90.00
S2,92.8000mm,3.7250mm,Top,270.00
U1,72.1000mm,11.5000mm,Top,270.00
U2,2.8000mm,29.8000mm,Top,180.00
U3,40.6250mm,22.0000mm,Top,90.00
U4,95.2000mm,17.3750mm,Top,270.00
U5,63.1000mm,17.2000mm,Top,0.00
J5,3.3439mm,15.7794mm,Top,270.00
U6,51.5439mm,23.7794mm,Bottom,180.00
D2,61.5439mm,16.2794mm,Bottom,180.00
D3,42.5439mm,23.7794mm,Bottom,90.00
C14,59.5439mm,28.2794mm,Bottom,180.00
C15,45.5439mm,27.7794mm,Bottom,90.00
C16,46.0439mm,22.2794mm,Bottom,180.00
R7,57.5439mm,24.2794mm,Bottom,180.00
R8,57.0439mm,21.7794mm,Bottom,180.00
R9,55.0439mm,18.7794mm,Bottom,180.00
R10,46.0439mm,19.7794mm,Bottom,180.00
D4,61.5439mm,10.7794mm,Bottom,180.00
C17,64.3439mm,28.2794mm,Bottom,180.00
