Comment,Designator,Footprint,LCSC Part #,Quantity,Manufacturer,Manufacturer Part Number
BAT-HLD-001; Holders Linx CR2032,BT1,BATHLD001,C7501066,1,TE Connectivity / Linx,BAT-HLD-001
CL10B105KO8NNNC; 1uF,"C3,C4,C7",C_0603_1608Metric_Pad1.08x0.95mm_HandSolder,C59782,3,Samsung Electro-Mechanics,CL10B105KO8NNNC
C1608X5R1E106M080AC; 10uF,"C5,C9",C_0603_1608Metric_Pad1.08x0.95mm_HandSolder,C2168289,2,TDK,C1608X5R1E106M080AC
C0603C104K5RAC7082; 100nF,"C6,C10",C_0603_1608Metric_Pad1.08x0.95mm_HandSolder,C1882722,2,KEMET,C0603C104K5RAC7082
C0603C104K3RACTU; 100nF,"C8,C11",C_0603_1608Metric_Pad1.08x0.95mm_HandSolder,C2167527,2,KEMET,C0603C104K3RACTU
C0805C106K8PACTU; 10uF,"C12,C13",C_0805_2012Metric_Pad1.18x1.45mm_HandSolder,C2167673,2,KEMET,C0805C106K8PACTU
"CVJ10F30,LF; CVJ10F30,LF",D1,SOTFL65P210X75-5N,C5609371,1,Toshiba,"CVJ10F30,LF"
436500200; 436500200,J1,"43650-02_00,01,02_",C192562,1,Molex,436500200
USB4105-GF-A; USB4105-GF-A,J2,USB_C_Receptacle_GCT_USB4105-xx-A_16P_TopMnt_Horizontal,C3020560,1,GCT,USB4105-GF-A
SM08B-SRSS-TB(LF)(SN); Display Connector,J3,JST_SH_SM08B-SRSS-TB_1x08-1MP_P1.00mm_Horizontal,C160407,1,JST,SM08B-SRSS-TB(LF)(SN)
SM02B-SRSS-TB(LF)(SN); Ambient Light Connector,J4,JST_SH_SM02B-SRSS-TB_1x02-1MP_P1.00mm_Horizontal,C160402,1,JST,SM02B-SRSS-TB(LF)(SN)
744316470; 4.7uH,L1,INDPM5653X430N,C2651181,1,Wurth Elektronik,744316470
RS73F2ARTTD5101D; 5.1K,"R1,R2,R3,R4",R_0805_2012Metric_Pad1.20x1.40mm_HandSolder,C5890991,4,KOA Speer,RS73F2ARTTD5101D
CRGP0805F10K; 10K,"R5,R6",R_0805_2012Metric_Pad1.20x1.40mm_HandSolder,C2074940,2,TE Connectivity,CRGP0805F10K
435451019820; BOOT,"S1,S2",435451019820,C7464054,2,Wurth Elektronik,435451019820
USBLC6-2SC6; USBLC6-2SC6,U1,SOT-23-6,C7519,1,STMicroelectronics,USBLC6-2SC6
MCP9808T-E/MS; MCP9808_MSOP,U2,MSOP-8_3x3mm_P0.65mm,C129490,1,Microchip,MCP9808T-E/MS
DS3231MZ/V+T; Analog Devices RTC DS3231MZ_V+T,U3,SOIC127P600X175-8N,C3304429,1,Analog Devices / Maxim,DS3231MZ/V+T
ESP32-S3-WROOM-1-N8; ESP32-S3-WROOM-1-N8,U4,ESP32-S3-WROOM-1,C2913198,1,Espressif Systems,ESP32-S3-WROOM-1-N8
LMR50410Y3FQDBVRQ1; LMR50410Y3FQDBVRQ1,U5,DBV0006A-IPC_A,C5219374,1,Texas Instruments,LMR50410Y3FQDBVRQ1
SM04B-SRSS-TB(LF)(SN); SM04B-SRSS-TB(LF)(SN),J5,JST_SH_SM04B-SRSS-TB_1x04-1MP_P1.00mm_Horizontal,C160404,1,JST,SM04B-SRSS-TB(LF)(SN)
