Comment,Designator,Footprint,LCSC Part Number,Quantity,Manufacturer,Manufacturer Part Number
BAT-HLD-001,BT1,BT1_BATHLD001,C7501066,1,TE Connectivity / Linx,BAT-HLD-001
5V ONLY regulated input,J1,"J1_43650-02_00,01,02_",C192562,1,Molex,436500200
SM08B-SRSS-TB(LF)(SN),J3,J3_JST_SH_SM08B-SRSS-TB_1x08-1MP_P1.00mm_Horizontal,C160407,1,JST,SM08B-SRSS-TB(LF)(SN)
SM02B-SRSS-TB(LF)(SN),J4,J4_JST_SH_SM02B-SRSS-TB_1x02-1MP_P1.00mm_Horizontal,C160402,1,JST,SM02B-SRSS-TB(LF)(SN)
SM04B-SRSS-TB(LF)(SN),J5,J5_JST_SH_SM04B-SRSS-TB_1x04-1MP_P1.00mm_Horizontal,C160404,1,JST,SM04B-SRSS-TB(LF)(SN)
100nF 50V,"C3,C6",C_0603_1608Metric,C1591,2,Samsung Electro-Mechanics,CL10B104KB8NNNC
10uF 25V,"C5,C19",C_0603_1608Metric,C96446,2,Samsung Electro-Mechanics,CL10A106MA8NRNC
4.7k 1%,"R3,R4",R_0603_1608Metric,C23162,2,UNI-ROYAL,0603WAF4701T5E
10k 1%,R6,R_0603_1608Metric,C25804,1,UNI-ROYAL,0603WAF1002T5E
"PCF8563T/5,518",U3,SOIC-8_3.9x4.9mm_P1.27mm,C7440,1,NXP,"PCF8563T/5,518"
ESP32 socket P1,"J6,J7",PinSocket_1x22_P2.54mm_Vertical,C7500786,2,XUNPU,FH2.54-09-22PZD
REMOVE LINK FOR USB,J8,PinHeader_1x02_P2.54mm_Vertical,C29780898,1,SAMZO,5AML4-11560-102-W0
3.3V peripherals,U7,SOT-223-3_TabPin2,C15578,1,Texas Instruments,TLV1117LV33DCYR
32.768kHz 12.5pF,X1,Crystal_SMD_3215-2Pin_3.2x1.5mm,C130253,1,Abracon,ABS07-32.768KHZ-T
22pF C0G,C18,C_0603_1608Metric,C1653,1,Samsung Electro-Mechanics,CL10C220JB8NNNC
BAV199 backup isolation,"D5,D6",SOT-23,C3019921,2,Slkor,BAV199
